"","X","filter","num_features","test_measure"
"2",2,"information_gain",1,0.73732315154664
"4",4,"information_gain",2,0.559451806084035
"6",6,"information_gain",3,0.528410709464934
"8",8,"information_gain",4,0.545635971270641
"10",10,"information_gain",5,0.526756955191885
"12",12,"information_gain",6,0.518177317183899
"14",14,"information_gain",7,0.519618141082019
"16",16,"information_gain",8,0.527794799923238
"18",18,"information_gain",9,0.521326474867087
"20",20,"information_gain",10,0.509904579617656
"22",22,"information_gain",11,0.498004318146844
"24",24,"information_gain",12,0.495226763719189
"26",26,"information_gain",13,0.40624461831116
"28",28,"information_gain",14,0.405753546275353
"30",30,"information_gain",15,0.406748344415769
"32",32,"information_gain",16,0.394741506981522
"34",34,"information_gain",17,0.389293959252389
"36",36,"information_gain",18,0.385826335751188
"38",38,"information_gain",19,0.384468279295954
"40",40,"information_gain",20,0.380783007794657
"42",42,"information_gain",21,0.358607281309947
"44",44,"information_gain",22,0.354203257794328
"46",46,"information_gain",23,0.346781001537765
"48",48,"information_gain",24,0.354461557642065
"50",50,"information_gain",25,0.350416604832032
"52",52,"information_gain",26,0.35107999152158
"54",54,"information_gain",27,0.351995600325226
"56",56,"information_gain",28,0.351859227489915
"58",58,"information_gain",29,0.349625020564913
"60",60,"information_gain",30,0.350426712263135
"62",62,"information_gain",31,0.344931248148225
"64",64,"information_gain",32,0.346705607582407
"66",66,"information_gain",33,0.34407934990907
"68",68,"information_gain",34,0.346971592182204
"70",70,"information_gain",35,0.348569413481937
"72",72,"information_gain",36,0.345498546206112
"74",74,"information_gain",37,0.3470732048198
"76",76,"information_gain",38,0.343185240375363
"78",78,"information_gain",39,0.343988635625923
"80",80,"information_gain",40,0.347949839048418
"82",82,"information_gain",41,0.350455254850749
"84",84,"information_gain",42,0.351826797215952
"86",86,"information_gain",43,0.343128197176061
"88",88,"information_gain",44,0.342626892165479
"90",90,"information_gain",45,0.351436213923238
"92",92,"information_gain",46,0.350733721859585
"94",94,"information_gain",47,0.342430805197517
"96",96,"information_gain",48,0.345207858256742
"98",98,"information_gain",49,0.345758550897763
"100",100,"information_gain",50,0.343853908335894
"102",102,"information_gain",51,0.345030718399885
"104",104,"information_gain",52,0.343768374597328
"106",106,"information_gain",53,0.347107799385006
"108",108,"information_gain",54,0.342074565934271
"110",110,"information_gain",55,0.335483200062839
"112",112,"information_gain",56,0.33033158496099
"114",114,"information_gain",57,0.326631436484652
"116",116,"information_gain",58,0.319269087950033
"118",118,"information_gain",59,0.296328451365738
"120",120,"information_gain",60,0.296805636547481
"122",122,"information_gain",61,0.283752129275288
"124",124,"information_gain",62,0.299872343816842
"126",126,"information_gain",63,0.292772540752814
"128",128,"information_gain",64,0.280504542391469
"130",130,"information_gain",65,0.285517245932033
"132",132,"information_gain",66,0.28140094954992
"134",134,"information_gain",67,0.276309609333888
"136",136,"information_gain",68,0.264078546864118
"138",138,"information_gain",69,0.27963744170536
"140",140,"information_gain",70,0.261343325491945
"142",142,"information_gain",71,0.27834013018838
"144",144,"information_gain",72,0.276019814850706
"146",146,"information_gain",73,0.27521352349384
"148",148,"information_gain",74,0.25526347532805
"150",150,"information_gain",75,0.27487125208733
"152",152,"information_gain",76,0.253911745187962
"154",154,"information_gain",77,0.272072241261712
"156",156,"information_gain",78,0.26602991760678
"158",158,"information_gain",79,0.252761165556906
"160",160,"information_gain",80,0.235089693347649
"162",162,"information_gain",81,0.23809893794412
"164",164,"information_gain",82,0.237146074253785
"166",166,"information_gain",83,0.266165543364535
"168",168,"information_gain",84,0.251085102272902
"170",170,"information_gain",85,0.240659729703443
"172",172,"information_gain",86,0.231585245495055
"174",174,"information_gain",87,0.230715885233368
"176",176,"information_gain",88,0.232893534377145
"178",178,"information_gain",89,0.268566240023374
"180",180,"information_gain",90,0.233553387248483
"182",182,"information_gain",91,0.217618164358119
"184",184,"information_gain",92,0.235256154596069
"186",186,"information_gain",93,0.22894895293921
"188",188,"information_gain",94,0.151563688399431
"190",190,"information_gain",95,0.203599907858917
"192",192,"information_gain",96,0.216779731751686
"194",194,"information_gain",97,0.203641631392444
"196",196,"information_gain",98,0.154380349495493
"198",198,"information_gain",99,0.186651594258187
"200",200,"information_gain",100,0.152938882185128
"202",202,"information_gain",101,0.228755199172629
"204",204,"information_gain",102,0.155184634467312
"206",206,"information_gain",103,0.123263766878674
"208",208,"information_gain",104,0.106880898424334
"210",210,"information_gain",105,0.148199556913001
"212",212,"information_gain",106,0.166061944205361
"214",214,"information_gain",107,0.151130731166065
"216",216,"information_gain",108,0.116344656084505
"218",218,"information_gain",109,0.134457887374138
"220",220,"information_gain",110,0.138366286956191
"222",222,"information_gain",111,0.115584906939601
"224",224,"information_gain",112,0.14972037038986
"226",226,"information_gain",113,0.132800295945697
"228",228,"information_gain",114,0.100246151896618
"230",230,"information_gain",115,0.135640213221536
"232",232,"information_gain",116,0.116101593166524
"234",234,"information_gain",117,0.149656205634734
"236",236,"information_gain",118,0.10307039281409
"238",238,"information_gain",119,0.115280398044828
"240",240,"information_gain",120,0.129745871019018
"242",242,"information_gain",121,0.114393964301191
"244",244,"information_gain",122,0.10951730229335
"246",246,"information_gain",123,0.0972060493436354
"248",248,"information_gain",124,0.110594688256516
"250",250,"information_gain",125,0.13122394165792
"252",252,"information_gain",126,0.0944426886468434
"254",254,"information_gain",127,0.147616938391945
"256",256,"information_gain",128,0.0980757773724514
"258",258,"information_gain",129,0.0959331762176977
"260",260,"information_gain",130,0.0964457522368418
"262",262,"information_gain",131,0.0968933571832888
"264",264,"information_gain",132,0.0966300073461086
"266",266,"information_gain",133,0.0867521327779548
"268",268,"information_gain",134,0.0942455653613736
"270",270,"information_gain",135,0.0888516282009724
"272",272,"information_gain",136,0.090040183369425
"274",274,"information_gain",137,0.0875535276787611
"276",276,"information_gain",138,0.0862911472342308
"278",278,"information_gain",139,0.0856834389265003
"280",280,"information_gain",140,0.0904720968897601
"282",282,"information_gain",141,0.0854463647012673
"284",284,"information_gain",142,0.084275435148052
"286",286,"information_gain",143,0.086656623642227
"288",288,"information_gain",144,0.0862037535783232
"290",290,"information_gain",145,0.0836512589131475
"292",292,"information_gain",146,0.0873810269012005
"294",294,"information_gain",147,0.0855904835532337
"296",296,"information_gain",148,0.0813172863067203
"298",298,"information_gain",149,0.0822471408356966
"300",300,"information_gain",150,0.0803664761663633
"302",302,"information_gain",151,0.0827368754759234
"304",304,"information_gain",152,0.0844297539551503
"306",306,"information_gain",153,0.0810783683889582
"308",308,"information_gain",154,0.0803235572194562
"310",310,"information_gain",155,0.0851498415395206
"312",312,"information_gain",156,0.0842819913293864
"314",314,"information_gain",157,0.0793314426071532
"316",316,"information_gain",158,0.0823056510249165
"318",318,"information_gain",159,0.0828061186792566
"320",320,"information_gain",160,0.083460499753818
"322",322,"information_gain",161,0.0852126195635128
"324",324,"information_gain",162,0.0829733370048161
"326",326,"information_gain",163,0.083151505402875
"328",328,"information_gain",164,0.08222531672813
"330",330,"information_gain",165,0.0809421280778292
"332",332,"information_gain",166,0.0805238368533352
"334",334,"information_gain",167,0.082711197494071
"336",336,"information_gain",168,0.080653288916114
"338",338,"information_gain",169,0.0816603567296751
"340",340,"information_gain",170,0.0818312570804385
"342",342,"information_gain",171,0.082765636801275
"344",344,"information_gain",172,0.07902238727627
"346",346,"information_gain",173,0.0796216924600387
"348",348,"information_gain",174,0.0801266611007598
"350",350,"information_gain",175,0.0836558225487682
"352",352,"information_gain",176,0.0806032511575376
"354",354,"information_gain",177,0.0827400322277569
"356",356,"information_gain",178,0.0789618279358626
"358",358,"information_gain",179,0.0821862181844382
"360",360,"information_gain",180,0.0793625114295328
"362",362,"information_gain",181,0.0797410023970701
"364",364,"information_gain",182,0.0773970207194581
"366",366,"information_gain",183,0.078823945655885
"368",368,"information_gain",184,0.0788738524116409
"370",370,"information_gain",185,0.0781105219178167
"372",372,"information_gain",186,0.0763410756640547
"374",374,"information_gain",187,0.077378518648265
"376",376,"information_gain",188,0.078533753562752
"378",378,"information_gain",189,0.078560505995498
"380",380,"information_gain",190,0.0791511267413723
"382",382,"information_gain",191,0.0744177622075078
"384",384,"information_gain",192,0.0775611555269717
"386",386,"information_gain",193,0.0774560377482982
"388",388,"information_gain",194,0.0748087791525801
"390",390,"information_gain",195,0.0762090209638213
"392",392,"information_gain",196,0.0727590108333169
"394",394,"information_gain",197,0.0756269851435688
"396",396,"information_gain",198,0.0756360748815569
"398",398,"information_gain",199,0.0726215699011258
"400",400,"information_gain",200,0.0761853751838871
"402",402,"information_gain",201,0.0743076909217055
"404",404,"information_gain",202,0.0752097983637279
"406",406,"information_gain",203,0.0747515244705453
"408",408,"information_gain",204,0.0771758605489434
"410",410,"information_gain",205,0.0757280956302546
"412",412,"information_gain",206,0.073245915209662
"414",414,"information_gain",207,0.077536141291168
"416",416,"information_gain",208,0.0739074178414574
"418",418,"information_gain",209,0.0727667587525335
"420",420,"information_gain",210,0.0744049436759677
"422",422,"information_gain",211,0.0734755597713172
"424",424,"information_gain",212,0.0726421440742052
"426",426,"information_gain",213,0.0716090059565847
"428",428,"information_gain",214,0.0724667947207512
"430",430,"information_gain",215,0.0724027817911684
"432",432,"information_gain",216,0.0711124606747352
"434",434,"information_gain",217,0.0689655125938654
"436",436,"information_gain",218,0.0736703997919222
"438",438,"information_gain",219,0.0732777651070758
"440",440,"information_gain",220,0.0699350939668855
"442",442,"information_gain",221,0.0719140840298737
"444",444,"information_gain",222,0.0665811190633837
"446",446,"information_gain",223,0.0671128282735832
"448",448,"information_gain",224,0.0712858108370757
"450",450,"information_gain",225,0.0724638524524395
"452",452,"information_gain",226,0.0704214381399077
"454",454,"information_gain",227,0.0702928552964735
"456",456,"information_gain",228,0.0682055737409675
"458",458,"information_gain",229,0.0698021455676512
"460",460,"information_gain",230,0.0726849652184616
"462",462,"information_gain",231,0.0686424351038963
"464",464,"information_gain",232,0.0691966547941873
"466",466,"information_gain",233,0.0661316680215191
"468",468,"information_gain",234,0.0687791658364878
"470",470,"information_gain",235,0.0655120817095255
"472",472,"information_gain",236,0.0652435419863554
"474",474,"information_gain",237,0.0673049095515665
"476",476,"information_gain",238,0.0679050758151856
"478",478,"information_gain",239,0.0671947188453063
"480",480,"information_gain",240,0.0646666675235234
"482",482,"information_gain",241,0.0660536742687463
"484",484,"information_gain",242,0.0636057990033756
"486",486,"information_gain",243,0.0625228456088267
"488",488,"information_gain",244,0.0653829519173199
"490",490,"information_gain",245,0.0616650634620734
"492",492,"information_gain",246,0.0639479626433039
"494",494,"information_gain",247,0.063798260866487
"496",496,"information_gain",248,0.0610713241000428
"498",498,"information_gain",249,0.0639135071966479
"500",500,"information_gain",250,0.0611559462014246
"502",502,"information_gain",251,0.0651989895785609
"504",504,"information_gain",252,0.0619044289147263
"506",506,"information_gain",253,0.0626482726853026
"508",508,"information_gain",254,0.0637017026753837
"510",510,"information_gain",255,0.0593899512015366
"512",512,"information_gain",256,0.061816213145001
"514",514,"information_gain",257,0.0601493202068174
"516",516,"information_gain",258,0.060945265344395
"518",518,"information_gain",259,0.0561859602127453
"520",520,"information_gain",260,0.0588650055779023
"522",522,"information_gain",261,0.05381646729918
"524",524,"information_gain",262,0.0597423317032676
"526",526,"information_gain",263,0.0582528628880489
"528",528,"information_gain",264,0.0552636973271747
"530",530,"information_gain",265,0.063681048269453
"532",532,"information_gain",266,0.0553024036319468
"534",534,"information_gain",267,0.0527189384027558
"536",536,"information_gain",268,0.0529028891763009
"538",538,"information_gain",269,0.0586121274439906
"540",540,"information_gain",270,0.0558733720232941
"542",542,"information_gain",271,0.0543426718561911
"544",544,"information_gain",272,0.0487372876630121
"546",546,"information_gain",273,0.0495606167192477
"548",548,"information_gain",274,0.0477238665696241
"550",550,"information_gain",275,0.0570710189970044
"552",552,"information_gain",276,0.0514902753138519
"554",554,"information_gain",277,0.0452808844178975
"556",556,"information_gain",278,0.0473026234753867
"558",558,"information_gain",279,0.0440230486032501
"560",560,"information_gain",280,0.0483652236591942
"562",562,"information_gain",281,0.0444076257921796
"564",564,"information_gain",282,0.0439934102222665
"566",566,"information_gain",283,0.0441311902878303
"568",568,"information_gain",284,0.043728363562909
"570",570,"information_gain",285,0.0463736542395688
"572",572,"information_gain",286,0.0440511915665645
"574",574,"information_gain",287,0.0447131070519212
"576",576,"information_gain",288,0.0423398483906978
"578",578,"information_gain",289,0.048232820892088
"580",580,"information_gain",290,0.0449708036190713
"582",582,"information_gain",291,0.0467641832068806
"584",584,"information_gain",292,0.044225164993011
"586",586,"information_gain",293,0.0466377970126746
"588",588,"information_gain",294,0.0458721590723946
"590",590,"information_gain",295,0.0444150398287364
"592",592,"information_gain",296,0.0449263382258519
"594",594,"information_gain",297,0.0437180837240279
"596",596,"information_gain",298,0.0448480345384544
"598",598,"information_gain",299,0.046257140685276
"600",600,"information_gain",300,0.0429746916849594
"602",602,"information_gain",301,0.0423487479383028
"604",604,"information_gain",302,0.0460622787950589
"606",606,"information_gain",303,0.0464174438271642
"608",608,"information_gain",304,0.0466274387246047
"610",610,"information_gain",305,0.0453403486158859
"612",612,"information_gain",306,0.0459370005318261
"614",614,"information_gain",307,0.0474895290143512
"616",616,"information_gain",308,0.0457659693398554
"618",618,"information_gain",309,0.0460907554846674
"620",620,"information_gain",310,0.0435537906129628
"622",622,"information_gain",311,0.0423543537154893
"624",624,"information_gain",312,0.045857308484434
"626",626,"information_gain",313,0.0454942998563249
"628",628,"information_gain",314,0.044146227972891
"630",630,"information_gain",315,0.0462811455125272
"632",632,"information_gain",316,0.0449323933103213
"634",634,"information_gain",317,0.0442518873910274
"636",636,"information_gain",318,0.045734320015094
"638",638,"information_gain",319,0.0462970143728874
"640",640,"information_gain",320,0.047922435777373
"642",642,"information_gain",321,0.0455497252528337
"644",644,"information_gain",322,0.0438504642095815
"646",646,"information_gain",323,0.0445497117324464
"648",648,"information_gain",324,0.0437377360666923
"650",650,"information_gain",325,0.0486977585186411
"652",652,"information_gain",326,0.0465409510973715
"654",654,"information_gain",327,0.0455566596910188
"656",656,"information_gain",328,0.0472460387926513
"658",658,"information_gain",329,0.0457091945957101
"660",660,"information_gain",330,0.045850085016729
"662",662,"information_gain",331,0.0450919968097993
"664",664,"information_gain",332,0.0423711251947812
"666",666,"information_gain",333,0.0462272902170256
"668",668,"information_gain",334,0.0449578757198065
"670",670,"information_gain",335,0.0439549516960029
"672",672,"information_gain",336,0.0457638588598155
"674",674,"information_gain",337,0.0441911336925164
"676",676,"information_gain",338,0.0458440372221865
"678",678,"information_gain",339,0.0430635373451304
"680",680,"information_gain",340,0.0471313752754621
"682",682,"information_gain",341,0.0458338585402074
"684",684,"information_gain",342,0.0483028214442459
"686",686,"information_gain",343,0.0488363768221368
"688",688,"information_gain",344,0.0525800663536466
"690",690,"information_gain",345,0.0534929051579697
"692",692,"information_gain",346,0.0602006382587439
"694",694,"information_gain",347,0.0544695441246153
"696",696,"information_gain",348,0.0513065916604551
"698",698,"information_gain",349,0.0564084006052349
"700",700,"information_gain",350,0.058859710517647
"702",702,"information_gain",351,0.0591791509543234
"704",704,"information_gain",352,0.0600807700813546
"706",706,"information_gain",353,0.0568036162265912
"708",708,"information_gain",354,0.0588072825507461
"710",710,"information_gain",355,0.0570444212523682
"712",712,"information_gain",356,0.0570433623660829
"714",714,"information_gain",357,0.0533171063403368
"716",716,"information_gain",358,0.0522098271154544
"718",718,"information_gain",359,0.0524134915330418
"720",720,"information_gain",360,0.0544854812108292
"722",722,"information_gain",361,0.052136502918189
"724",724,"information_gain",362,0.0514582372415013
"726",726,"information_gain",363,0.0511262264575859
"728",728,"information_gain",364,0.0544238443230205
"730",730,"information_gain",365,0.053379847551138
"732",732,"information_gain",366,0.0568966952513653
"734",734,"information_gain",367,0.0578677600031176
"736",736,"information_gain",368,0.058184414779979
"738",738,"information_gain",369,0.0608181750457868
"740",740,"information_gain",370,0.0568725858551158
"742",742,"information_gain",371,0.0593820974096812
"744",744,"information_gain",372,0.0569151567348784
"746",746,"information_gain",373,0.0604256936021682
"748",748,"information_gain",374,0.0649997895073367
"750",750,"information_gain",375,0.065548406683911
"752",752,"information_gain",376,0.0706520849989651
"754",754,"information_gain",377,0.0686808327660526
"756",756,"information_gain",378,0.0709295411169744
"758",758,"information_gain",379,0.0734205630908318
"760",760,"information_gain",380,0.0726046032973097
"762",762,"information_gain",381,0.074058998269649
"764",764,"information_gain",382,0.0749979723713453
"766",766,"information_gain",383,0.0760778408032625
"768",768,"information_gain",384,0.0771927442195135
"770",770,"information_gain",385,0.0800340488184186
"772",772,"information_gain",386,0.0766720261148428
"774",774,"information_gain",387,0.07877119412821
"776",776,"information_gain",388,0.0851785195571145
"778",778,"information_gain",389,0.0865556098535297
"780",780,"information_gain",390,0.0862834689829195
"782",782,"information_gain",391,0.0882678599050322
"784",784,"information_gain",392,0.090607305948577
"786",786,"information_gain",393,0.0864688084118992
"788",788,"information_gain",394,0.0903770369527675
"790",790,"information_gain",395,0.0895096286984855
"792",792,"information_gain",396,0.0850655214245668
"794",794,"information_gain",397,0.0869779109790916
"796",796,"information_gain",398,0.0856841892856681
"798",798,"information_gain",399,0.0891138105503971
"800",800,"information_gain",400,0.0843124211268345
"802",802,"information_gain",401,0.08361060088237
"804",804,"information_gain",402,0.0889281478800873
"806",806,"information_gain",403,0.0914588013114261
"808",808,"information_gain",404,0.0861370997941659
"810",810,"information_gain",405,0.0874018128920636
"812",812,"information_gain",406,0.0899480363826762
"814",814,"information_gain",407,0.0930274690881711
"816",816,"information_gain",408,0.0934375400579783
"818",818,"information_gain",409,0.0886099831576495
"820",820,"information_gain",410,0.0877960932942542
"822",822,"information_gain",411,0.0904602865346388
"824",824,"information_gain",412,0.090935278746883
"826",826,"information_gain",413,0.0909133510441155
"828",828,"information_gain",414,0.0945192043937022
"830",830,"information_gain",415,0.0935285367624236
"832",832,"information_gain",416,0.093639232900422
"834",834,"information_gain",417,0.0934261430431432
"836",836,"information_gain",418,0.0910538295242383
"838",838,"information_gain",419,0.0919678611570679
"840",840,"information_gain",420,0.0922902174914736
"842",842,"information_gain",421,0.0911281835335355
"844",844,"information_gain",422,0.09075117469972
"846",846,"information_gain",423,0.0938512247295342
"848",848,"information_gain",424,0.0934893912196746
"850",850,"information_gain",425,0.0937741723922293
"852",852,"information_gain",426,0.0912362525322744
"854",854,"information_gain",427,0.0948759158361895
"856",856,"information_gain",428,0.093054949975223
"858",858,"information_gain",429,0.0935873170899639
"860",860,"information_gain",430,0.094713148688595
"862",862,"information_gain",431,0.0951262241063449
"864",864,"information_gain",432,0.0962200386435943
"866",866,"information_gain",433,0.0949124355909649
"868",868,"information_gain",434,0.0963381829650568
"870",870,"information_gain",435,0.0955391409867865
"872",872,"information_gain",436,0.098651722620846
"874",874,"information_gain",437,0.0957938044199414
"876",876,"information_gain",438,0.0973081167958921
"878",878,"information_gain",439,0.0970512597326114
"880",880,"information_gain",440,0.0985012620090113
"882",882,"information_gain",441,0.0976086252854474
"884",884,"information_gain",442,0.0991342705330951
"886",886,"information_gain",443,0.100575236048093
"888",888,"information_gain",444,0.0930583171751075
"890",890,"information_gain",445,0.0927060513955068
"892",892,"information_gain",446,0.089637482831113
"894",894,"information_gain",447,0.0893820943388284
"896",896,"information_gain",448,0.0901782395455851
"898",898,"information_gain",449,0.0870846017351015
"900",900,"information_gain",450,0.0858375638674396
"902",902,"information_gain",451,0.0842762115194629
"904",904,"information_gain",452,0.0847032826441046
"906",906,"information_gain",453,0.0853527706105383
"908",908,"information_gain",454,0.0849087763417507
"910",910,"information_gain",455,0.0870583443281655
"912",912,"information_gain",456,0.0842353075268209
"914",914,"information_gain",457,0.0840778080594204
"916",916,"information_gain",458,0.0813133179385728
"918",918,"information_gain",459,0.0857372409141837
"920",920,"information_gain",460,0.0824666447538867
"922",922,"information_gain",461,0.0800508429991296
"924",924,"information_gain",462,0.0814752213144536
"926",926,"information_gain",463,0.0788615005942817
"928",928,"information_gain",464,0.079439661309
"930",930,"information_gain",465,0.0798852210044362
"932",932,"information_gain",466,0.0826327472786241
"934",934,"information_gain",467,0.0779691488582406
"936",936,"information_gain",468,0.0805790175357114
"938",938,"information_gain",469,0.0806243463582189
"940",940,"information_gain",470,0.0823287939605886
"942",942,"information_gain",471,0.0820664430024203
"944",944,"information_gain",472,0.080952665786493
"946",946,"information_gain",473,0.0806759286614149
"948",948,"information_gain",474,0.0845686302228325
"950",950,"information_gain",475,0.0825743117515572
"952",952,"information_gain",476,0.0815991163048759
"954",954,"information_gain",477,0.0824081375272352
"956",956,"information_gain",478,0.0857003118681617
"958",958,"information_gain",479,0.0845245070596449
"960",960,"information_gain",480,0.0827153808685696
"962",962,"information_gain",481,0.0855728790752815
"964",964,"information_gain",482,0.0869099654206591
"966",966,"information_gain",483,0.07973076394673
"968",968,"information_gain",484,0.0814792883259878
"970",970,"information_gain",485,0.0847771519525241
"972",972,"information_gain",486,0.0842492525099749
"974",974,"information_gain",487,0.0832849674159715
"976",976,"information_gain",488,0.0806561187694296
"978",978,"information_gain",489,0.0830498769853295
"980",980,"information_gain",490,0.0826013106932995
"982",982,"information_gain",491,0.0844271417614841
"984",984,"information_gain",492,0.0824932296200655
"986",986,"information_gain",493,0.0790393222179504
"988",988,"information_gain",494,0.0761104101775438
"990",990,"information_gain",495,0.0762491073104347
"992",992,"information_gain",496,0.0800378360229632
"994",994,"information_gain",497,0.0759631522493142
"996",996,"information_gain",498,0.0769091647915554
"998",998,"information_gain",499,0.0759510880444836
"1000",1000,"information_gain",500,0.0736673062870529
"1",1,"mrmr",1,0.589388784162731
"2100",2,"mrmr",2,0.321575031439166
"3",3,"mrmr",3,0.259105352127772
"4100",4,"mrmr",4,0.127389235168279
"5",5,"mrmr",5,0.113039414724929
"611",6,"mrmr",6,0.0984515518784357
"7",7,"mrmr",7,0.0978929220274894
"811",8,"mrmr",8,0.0932090231262725
"9",9,"mrmr",9,0.0915008428821574
"1010",10,"mrmr",10,0.0816925016685751
"11",11,"mrmr",11,0.0853069725896433
"1210",12,"mrmr",12,0.0806866247611892
"13",13,"mrmr",13,0.0764645603257966
"1410",14,"mrmr",14,0.0732604699146784
"15",15,"mrmr",15,0.0795555077744862
"1610",16,"mrmr",16,0.078813833241007
"17",17,"mrmr",17,0.0824485213699772
"1810",18,"mrmr",18,0.0809805954888363
"19",19,"mrmr",19,0.0814402783935492
"2010",20,"mrmr",20,0.0775723390792641
"21",21,"mrmr",21,0.0763106112830163
"2210",22,"mrmr",22,0.0763149919350045
"23",23,"mrmr",23,0.0683547941625766
"2410",24,"mrmr",24,0.0678995372717313
"25",25,"mrmr",25,0.0621209107792032
"2610",26,"mrmr",26,0.0666157890140554
"27",27,"mrmr",27,0.0617542464383718
"2810",28,"mrmr",28,0.061422638784219
"29",29,"mrmr",29,0.0639538173043552
"3010",30,"mrmr",30,0.0593586947928314
"31",31,"mrmr",31,0.0607356498996263
"3210",32,"mrmr",32,0.0609240724454784
"33",33,"mrmr",33,0.0528237608528583
"3410",34,"mrmr",34,0.0497644139019877
"35",35,"mrmr",35,0.0469079878912446
"3610",36,"mrmr",36,0.048292247270207
"37",37,"mrmr",37,0.0468918674792748
"3810",38,"mrmr",38,0.0437437662126342
"39",39,"mrmr",39,0.043861939247068
"4010",40,"mrmr",40,0.0425944825149075
"41",41,"mrmr",41,0.0456967493154855
"4210",42,"mrmr",42,0.042926454243311
"43",43,"mrmr",43,0.0424620184376221
"4410",44,"mrmr",44,0.0489311049777186
"45",45,"mrmr",45,0.04619311445238
"4610",46,"mrmr",46,0.050123198771497
"47",47,"mrmr",47,0.0501874427637013
"4810",48,"mrmr",48,0.0485124824398464
"49",49,"mrmr",49,0.0483034792402523
"501",50,"mrmr",50,0.050462695771611
"51",51,"mrmr",51,0.0502996654102013
"521",52,"mrmr",52,0.0517924893977139
"53",53,"mrmr",53,0.0504526964736671
"541",54,"mrmr",54,0.0526373446284249
"55",55,"mrmr",55,0.0538378690129253
"561",56,"mrmr",56,0.0515747585825279
"57",57,"mrmr",57,0.0496277540683099
"581",58,"mrmr",58,0.048846055120276
"59",59,"mrmr",59,0.0491434723285454
"601",60,"mrmr",60,0.0483252344667922
"61",61,"mrmr",61,0.0483815465275364
"621",62,"mrmr",62,0.0505448113878784
"63",63,"mrmr",63,0.0525285533021007
"641",64,"mrmr",64,0.0526487865189046
"65",65,"mrmr",65,0.0516499340907375
"661",66,"mrmr",66,0.0518567969400568
"67",67,"mrmr",67,0.0533663643844461
"681",68,"mrmr",68,0.0545080999341309
"69",69,"mrmr",69,0.0549632912041913
"701",70,"mrmr",70,0.0537682140221113
"71",71,"mrmr",71,0.0557011456657437
"721",72,"mrmr",72,0.0540360348203676
"73",73,"mrmr",73,0.0564718435305032
"741",74,"mrmr",74,0.0557446736427429
"75",75,"mrmr",75,0.0551881926979688
"761",76,"mrmr",76,0.0575550601310572
"77",77,"mrmr",77,0.0580270491760363
"781",78,"mrmr",78,0.055521535154723
"79",79,"mrmr",79,0.0562952484818842
"801",80,"mrmr",80,0.0584311946507873
"81",81,"mrmr",81,0.056411769529828
"821",82,"mrmr",82,0.0564426497134696
"83",83,"mrmr",83,0.0589234330256239
"841",84,"mrmr",84,0.0555312320173956
"85",85,"mrmr",85,0.0577542066435192
"861",86,"mrmr",86,0.0540227223650164
"87",87,"mrmr",87,0.0556011927456454
"881",88,"mrmr",88,0.058677272027639
"89",89,"mrmr",89,0.054199064913221
"901",90,"mrmr",90,0.0577385713331044
"91",91,"mrmr",91,0.0591901660194116
"921",92,"mrmr",92,0.0579657787170543
"93",93,"mrmr",93,0.0600265145586131
"941",94,"mrmr",94,0.0597375895911006
"95",95,"mrmr",95,0.0589485932837532
"961",96,"mrmr",96,0.0630826461522274
"97",97,"mrmr",97,0.0618560250928769
"981",98,"mrmr",98,0.0637977914393919
"99",99,"mrmr",99,0.0641470509690731
"1001",100,"mrmr",100,0.060282482859279
"101",101,"mrmr",101,0.0639376290551214
"1021",102,"mrmr",102,0.0651562515741834
"103",103,"mrmr",103,0.0658857784330495
"1041",104,"mrmr",104,0.0663261974207425
"105",105,"mrmr",105,0.063170605786006
"1061",106,"mrmr",106,0.067197521293156
"107",107,"mrmr",107,0.0649579223371639
"1081",108,"mrmr",108,0.0637684953151498
"109",109,"mrmr",109,0.0653571313235286
"1101",110,"mrmr",110,0.0627803963952664
"111",111,"mrmr",111,0.0665533791217588
"1121",112,"mrmr",112,0.0640583831911076
"113",113,"mrmr",113,0.0662254035733762
"1141",114,"mrmr",114,0.0649863285941533
"115",115,"mrmr",115,0.0666428199689966
"1161",116,"mrmr",116,0.06660267060861
"117",117,"mrmr",117,0.0648824888801891
"1181",118,"mrmr",118,0.0670283712994101
"119",119,"mrmr",119,0.0650262905562433
"1201",120,"mrmr",120,0.0663076906853377
"121",121,"mrmr",121,0.0667516174114811
"1221",122,"mrmr",122,0.0654655973608273
"123",123,"mrmr",123,0.0670638149168476
"1241",124,"mrmr",124,0.0642541741131101
"125",125,"mrmr",125,0.0651760040843057
"1261",126,"mrmr",126,0.0662296582155277
"127",127,"mrmr",127,0.0678103844447145
"1281",128,"mrmr",128,0.0715849745363428
"129",129,"mrmr",129,0.0646570386624879
"1301",130,"mrmr",130,0.0704848079362168
"131",131,"mrmr",131,0.0641309099767326
"1321",132,"mrmr",132,0.0688324821813787
"133",133,"mrmr",133,0.0654282934175355
"1341",134,"mrmr",134,0.0657290793261617
"135",135,"mrmr",135,0.0665875691991139
"1361",136,"mrmr",136,0.0651084401844747
"137",137,"mrmr",137,0.0654589207470964
"1381",138,"mrmr",138,0.0685288555128011
"139",139,"mrmr",139,0.0678448942107556
"1401",140,"mrmr",140,0.0632852530475984
"141",141,"mrmr",141,0.0653904541181212
"1421",142,"mrmr",142,0.067029255200393
"143",143,"mrmr",143,0.0652795265240983
"1441",144,"mrmr",144,0.0639791487831705
"145",145,"mrmr",145,0.0650112348118568
"1461",146,"mrmr",146,0.0670857809712703
"147",147,"mrmr",147,0.063120338377231
"1481",148,"mrmr",148,0.0622932316975281
"149",149,"mrmr",149,0.0630416213843098
"1501",150,"mrmr",150,0.0669313565914528
"151",151,"mrmr",151,0.0629473755963375
"1521",152,"mrmr",152,0.0653680110356562
"153",153,"mrmr",153,0.0627271081295846
"1541",154,"mrmr",154,0.0634621950773205
"155",155,"mrmr",155,0.0655147954164772
"1561",156,"mrmr",156,0.0657464469872989
"157",157,"mrmr",157,0.0674273863760277
"1581",158,"mrmr",158,0.0666404604163652
"159",159,"mrmr",159,0.0656053960246369
"1601",160,"mrmr",160,0.0650134238715129
"161",161,"mrmr",161,0.0659746594269564
"1621",162,"mrmr",162,0.064430613619969
"163",163,"mrmr",163,0.0643229257941012
"1641",164,"mrmr",164,0.0677880514835942
"165",165,"mrmr",165,0.0685641426115007
"1661",166,"mrmr",166,0.0664375636477409
"167",167,"mrmr",167,0.0638801727238296
"1681",168,"mrmr",168,0.0681616015572692
"169",169,"mrmr",169,0.0659578423333909
"1701",170,"mrmr",170,0.0663602829093077
"171",171,"mrmr",171,0.0664212214284835
"1721",172,"mrmr",172,0.0647038260816343
"173",173,"mrmr",173,0.0644301012772293
"1741",174,"mrmr",174,0.0667766911448675
"175",175,"mrmr",175,0.0648344255445824
"1761",176,"mrmr",176,0.0662509711783283
"177",177,"mrmr",177,0.0644428485875133
"1781",178,"mrmr",178,0.0652292886102629
"179",179,"mrmr",179,0.0641555939146683
"1801",180,"mrmr",180,0.0679975414037284
"181",181,"mrmr",181,0.0622253695806794
"1821",182,"mrmr",182,0.0661218318529994
"183",183,"mrmr",183,0.0634285085293953
"1841",184,"mrmr",184,0.0633678083110799
"185",185,"mrmr",185,0.0669669751628254
"1861",186,"mrmr",186,0.0646237180856052
"187",187,"mrmr",187,0.0647649378513285
"1881",188,"mrmr",188,0.0623673595232428
"189",189,"mrmr",189,0.0639309293249522
"1901",190,"mrmr",190,0.0616783475031357
"191",191,"mrmr",191,0.0631092208849078
"1921",192,"mrmr",192,0.060785090672891
"193",193,"mrmr",193,0.0646313632429992
"1941",194,"mrmr",194,0.0630184740110509
"195",195,"mrmr",195,0.0627789271827208
"1961",196,"mrmr",196,0.062352303801964
"197",197,"mrmr",197,0.0629506289910371
"1981",198,"mrmr",198,0.0642391390164918
"199",199,"mrmr",199,0.0633204126994141
"2001",200,"mrmr",200,0.0639477074315041
"201",201,"mrmr",201,0.0618444444860189
"2021",202,"mrmr",202,0.0654803006540628
"203",203,"mrmr",203,0.0651741340263842
"2041",204,"mrmr",204,0.066417516015789
"205",205,"mrmr",205,0.0654580766221554
"2061",206,"mrmr",206,0.0640118464530766
"207",207,"mrmr",207,0.0656943854882698
"2081",208,"mrmr",208,0.0645724523581927
"209",209,"mrmr",209,0.0624658173003769
"2101",210,"mrmr",210,0.0652906668495062
"211",211,"mrmr",211,0.0659257518736112
"2121",212,"mrmr",212,0.0652583572958943
"213",213,"mrmr",213,0.0647040060797119
"2141",214,"mrmr",214,0.0670301072201918
"215",215,"mrmr",215,0.0662338771068222
"2161",216,"mrmr",216,0.0662329280866924
"217",217,"mrmr",217,0.0656756608450453
"2181",218,"mrmr",218,0.0672401849619838
"219",219,"mrmr",219,0.0663903383459584
"2201",220,"mrmr",220,0.0661969259654098
"221",221,"mrmr",221,0.0660059097678571
"2221",222,"mrmr",222,0.0699792724738175
"223",223,"mrmr",223,0.0655486978921151
"2241",224,"mrmr",224,0.0678143351535911
"225",225,"mrmr",225,0.0679151282682167
"2261",226,"mrmr",226,0.0673194614095906
"227",227,"mrmr",227,0.0667572159980288
"2281",228,"mrmr",228,0.0686094045590231
"229",229,"mrmr",229,0.0689465199348977
"2301",230,"mrmr",230,0.0705604856346455
"231",231,"mrmr",231,0.0669337674246242
"2321",232,"mrmr",232,0.0689383836962053
"233",233,"mrmr",233,0.0686728346342841
"2341",234,"mrmr",234,0.0704344747973116
"235",235,"mrmr",235,0.068991964804993
"2361",236,"mrmr",236,0.0678388278937901
"237",237,"mrmr",237,0.0702890953468838
"2381",238,"mrmr",238,0.0677198845567965
"239",239,"mrmr",239,0.0674965804402616
"2401",240,"mrmr",240,0.0696993385046109
"241",241,"mrmr",241,0.074081399759558
"2421",242,"mrmr",242,0.0684996847515632
"243",243,"mrmr",243,0.0719525062973053
"2441",244,"mrmr",244,0.0688686793459521
"245",245,"mrmr",245,0.0729134316337965
"2461",246,"mrmr",246,0.0718194551892489
"247",247,"mrmr",247,0.0723597661276148
"2481",248,"mrmr",248,0.0715527617058477
"249",249,"mrmr",249,0.0698489689259868
"2501",250,"mrmr",250,0.0690920753158373
"251",251,"mrmr",251,0.0701313048651376
"2521",252,"mrmr",252,0.0731617116966786
"253",253,"mrmr",253,0.0699728219628858
"2541",254,"mrmr",254,0.0696875587312239
"255",255,"mrmr",255,0.0686891575136202
"2561",256,"mrmr",256,0.0715723370272145
"257",257,"mrmr",257,0.0697345614559831
"2581",258,"mrmr",258,0.0673671154139514
"259",259,"mrmr",259,0.070760828803946
"2601",260,"mrmr",260,0.0694718070252694
"261",261,"mrmr",261,0.0670499262425448
"2621",262,"mrmr",262,0.0687043860254798
"263",263,"mrmr",263,0.0701688132287578
"2641",264,"mrmr",264,0.0685597572154705
"265",265,"mrmr",265,0.0708090452191399
"2661",266,"mrmr",266,0.0688789772577793
"267",267,"mrmr",267,0.0676200600589259
"2681",268,"mrmr",268,0.0629207615865125
"269",269,"mrmr",269,0.0672571860223357
"2701",270,"mrmr",270,0.0679740271101186
"271",271,"mrmr",271,0.0685659069614757
"2721",272,"mrmr",272,0.0669059258794743
"273",273,"mrmr",273,0.0647073986667037
"2741",274,"mrmr",274,0.0653289379577306
"275",275,"mrmr",275,0.0648843712421169
"2761",276,"mrmr",276,0.06163151081337
"277",277,"mrmr",277,0.0620402824571814
"2781",278,"mrmr",278,0.0666217897759003
"279",279,"mrmr",279,0.0617819172663343
"2801",280,"mrmr",280,0.0645972288200698
"281",281,"mrmr",281,0.063954485468413
"2821",282,"mrmr",282,0.0617272575188451
"283",283,"mrmr",283,0.0616363554720574
"2841",284,"mrmr",284,0.0632026373114127
"285",285,"mrmr",285,0.0606311144900633
"2861",286,"mrmr",286,0.0599809484977448
"287",287,"mrmr",287,0.0630391665875356
"2881",288,"mrmr",288,0.0616726342921429
"289",289,"mrmr",289,0.0608730708565167
"2901",290,"mrmr",290,0.0608885339288259
"291",291,"mrmr",291,0.0593398655792926
"2921",292,"mrmr",292,0.0594692118519672
"293",293,"mrmr",293,0.0606886819100853
"2941",294,"mrmr",294,0.0604300189938419
"295",295,"mrmr",295,0.0634680503560193
"2961",296,"mrmr",296,0.0623764922221608
"297",297,"mrmr",297,0.0599023632103603
"2981",298,"mrmr",298,0.0639677832335682
"299",299,"mrmr",299,0.0625543060517886
"3001",300,"mrmr",300,0.0601894941856742
"301",301,"mrmr",301,0.0610582474017975
"3021",302,"mrmr",302,0.0598067752584834
"303",303,"mrmr",303,0.0603183110950618
"3041",304,"mrmr",304,0.0591028589720388
"305",305,"mrmr",305,0.0624416524284668
"3061",306,"mrmr",306,0.0564196708704804
"307",307,"mrmr",307,0.0615488731790567
"3081",308,"mrmr",308,0.0618389347909276
"309",309,"mrmr",309,0.0610896374639568
"3101",310,"mrmr",310,0.0603630897174146
"311",311,"mrmr",311,0.0607619531849196
"3121",312,"mrmr",312,0.0582081617313391
"313",313,"mrmr",313,0.060226409622993
"3141",314,"mrmr",314,0.0594594581598397
"315",315,"mrmr",315,0.0594029032818868
"3161",316,"mrmr",316,0.0576201578186035
"317",317,"mrmr",317,0.059660717256748
"3181",318,"mrmr",318,0.060387583862473
"319",319,"mrmr",319,0.0611337203638537
"3201",320,"mrmr",320,0.0594457839561411
"321",321,"mrmr",321,0.0614460741197684
"3221",322,"mrmr",322,0.0630180894187437
"323",323,"mrmr",323,0.0596012246756415
"3241",324,"mrmr",324,0.0615843828497957
"325",325,"mrmr",325,0.0618261999160343
"3261",326,"mrmr",326,0.0622884500460421
"327",327,"mrmr",327,0.0584787241625951
"3281",328,"mrmr",328,0.0615094874574889
"329",329,"mrmr",329,0.0606078813808716
"3301",330,"mrmr",330,0.0603958912548402
"331",331,"mrmr",331,0.0619695945374973
"3321",332,"mrmr",332,0.0598978068875016
"333",333,"mrmr",333,0.0636266731204824
"3341",334,"mrmr",334,0.059735716859507
"335",335,"mrmr",335,0.0647099302176168
"3361",336,"mrmr",336,0.0601536390476478
"337",337,"mrmr",337,0.0627266533329327
"3381",338,"mrmr",338,0.0617562543214551
"339",339,"mrmr",339,0.0619497462046592
"3401",340,"mrmr",340,0.0614222850234774
"341",341,"mrmr",341,0.0630654895150783
"3421",342,"mrmr",342,0.0619427454372038
"343",343,"mrmr",343,0.0646316038420352
"3441",344,"mrmr",344,0.0629818288374196
"345",345,"mrmr",345,0.0655071333683507
"3461",346,"mrmr",346,0.061926111985756
"347",347,"mrmr",347,0.0617359968873541
"3481",348,"mrmr",348,0.0629434644549079
"349",349,"mrmr",349,0.0640115789434732
"3501",350,"mrmr",350,0.0630149187081729
"351",351,"mrmr",351,0.0647352619545322
"3521",352,"mrmr",352,0.0659461658435751
"353",353,"mrmr",353,0.0665495092838359
"3541",354,"mrmr",354,0.0641801622686263
"355",355,"mrmr",355,0.063752282425573
"3561",356,"mrmr",356,0.0634752532537476
"357",357,"mrmr",357,0.0653841574259439
"3581",358,"mrmr",358,0.0669316326648436
"359",359,"mrmr",359,0.0680960365389355
"3601",360,"mrmr",360,0.0676375922007958
"361",361,"mrmr",361,0.0635441542855332
"3621",362,"mrmr",362,0.0646406715865124
"363",363,"mrmr",363,0.0651341755346308
"3641",364,"mrmr",364,0.0640530704159808
"365",365,"mrmr",365,0.0643528858947347
"3661",366,"mrmr",366,0.0664147843660029
"367",367,"mrmr",367,0.0662568579473524
"3681",368,"mrmr",368,0.0645461131859347
"369",369,"mrmr",369,0.0660142251011341
"3701",370,"mrmr",370,0.0630892463448184
"371",371,"mrmr",371,0.0624403557349747
"3721",372,"mrmr",372,0.0630688485967824
"373",373,"mrmr",373,0.0635625880703716
"3741",374,"mrmr",374,0.0636335140904338
"375",375,"mrmr",375,0.0619749917013999
"3761",376,"mrmr",376,0.0648050604546321
"377",377,"mrmr",377,0.0636348849146018
"3781",378,"mrmr",378,0.0629873052264934
"379",379,"mrmr",379,0.0647422141708636
"3801",380,"mrmr",380,0.061996199111239
"381",381,"mrmr",381,0.0647500749452015
"3821",382,"mrmr",382,0.0650773535757262
"383",383,"mrmr",383,0.0620923691721845
"3841",384,"mrmr",384,0.0630144775846792
"385",385,"mrmr",385,0.0638903650262495
"3861",386,"mrmr",386,0.0620966817681881
"387",387,"mrmr",387,0.0611865832753838
"3881",388,"mrmr",388,0.0646638044491843
"389",389,"mrmr",389,0.0633595798143849
"3901",390,"mrmr",390,0.0666996939158948
"391",391,"mrmr",391,0.0664916021800352
"3921",392,"mrmr",392,0.0634412173179479
"393",393,"mrmr",393,0.066065209646667
"3941",394,"mrmr",394,0.0620637709848653
"395",395,"mrmr",395,0.0647745404055439
"3961",396,"mrmr",396,0.0647296896443415
"397",397,"mrmr",397,0.0662367888546594
"3981",398,"mrmr",398,0.0649333063508851
"399",399,"mrmr",399,0.0649227655294638
"4001",400,"mrmr",400,0.0645406056502405
"401",401,"mrmr",401,0.0632691817753586
"4021",402,"mrmr",402,0.064106552818966
"403",403,"mrmr",403,0.0615607900719717
"4041",404,"mrmr",404,0.0645473217896319
"405",405,"mrmr",405,0.0636223119578237
"4061",406,"mrmr",406,0.0650872760534573
"407",407,"mrmr",407,0.0629712186365284
"4081",408,"mrmr",408,0.0639061504159396
"409",409,"mrmr",409,0.0638025638203318
"4101",410,"mrmr",410,0.0627353590182389
"411",411,"mrmr",411,0.0644589824518064
"4121",412,"mrmr",412,0.0625743137046289
"413",413,"mrmr",413,0.065227518178382
"4141",414,"mrmr",414,0.0618334685885843
"415",415,"mrmr",415,0.0652140604276795
"4161",416,"mrmr",416,0.0631810067536884
"417",417,"mrmr",417,0.0636838881309904
"4181",418,"mrmr",418,0.0656622014289844
"419",419,"mrmr",419,0.0635716671429993
"4201",420,"mrmr",420,0.0622257401413236
"421",421,"mrmr",421,0.0629754197747007
"4221",422,"mrmr",422,0.0632901261105024
"423",423,"mrmr",423,0.0605897148661002
"4241",424,"mrmr",424,0.0622651752430551
"425",425,"mrmr",425,0.0654574981275718
"4261",426,"mrmr",426,0.0611640482326621
"427",427,"mrmr",427,0.0626319008865934
"4281",428,"mrmr",428,0.0648896884215821
"429",429,"mrmr",429,0.0623629098594612
"4301",430,"mrmr",430,0.0632234708993638
"431",431,"mrmr",431,0.0632765349963727
"4321",432,"mrmr",432,0.0595803528210855
"433",433,"mrmr",433,0.0614030135269143
"4341",434,"mrmr",434,0.0624063240036144
"435",435,"mrmr",435,0.0601452509413356
"4361",436,"mrmr",436,0.0608414115306731
"437",437,"mrmr",437,0.063991965204444
"4381",438,"mrmr",438,0.0621236922732512
"439",439,"mrmr",439,0.0635936120685715
"4401",440,"mrmr",440,0.0619021031032519
"441",441,"mrmr",441,0.0623650735466007
"4421",442,"mrmr",442,0.0630607702174646
"443",443,"mrmr",443,0.0622631110623824
"4441",444,"mrmr",444,0.0591512615331361
"445",445,"mrmr",445,0.0597721680902174
"4461",446,"mrmr",446,0.0607390984967746
"447",447,"mrmr",447,0.0626628098309756
"4481",448,"mrmr",448,0.0611923441078356
"449",449,"mrmr",449,0.0614244756749839
"4501",450,"mrmr",450,0.0616699137767065
"451",451,"mrmr",451,0.0622487998851234
"4521",452,"mrmr",452,0.0601354471203452
"453",453,"mrmr",453,0.0612017623063311
"4541",454,"mrmr",454,0.0603988879173212
"455",455,"mrmr",455,0.0601525826544308
"4561",456,"mrmr",456,0.0616129650168556
"457",457,"mrmr",457,0.0615352538208067
"4581",458,"mrmr",458,0.0584730794303605
"459",459,"mrmr",459,0.0606532855376669
"4601",460,"mrmr",460,0.0608818490843639
"461",461,"mrmr",461,0.0630001214862403
"4621",462,"mrmr",462,0.0583880801948659
"463",463,"mrmr",463,0.0593524525183513
"4641",464,"mrmr",464,0.0593267831567485
"465",465,"mrmr",465,0.0592074931003931
"4661",466,"mrmr",466,0.0605515852305686
"467",467,"mrmr",467,0.058414578465744
"4681",468,"mrmr",468,0.0596658996889723
"469",469,"mrmr",469,0.0603749261013111
"4701",470,"mrmr",470,0.0626207953633095
"471",471,"mrmr",471,0.0606640680191608
"4721",472,"mrmr",472,0.0617564619229466
"473",473,"mrmr",473,0.0592202858658536
"4741",474,"mrmr",474,0.0629648538867338
"475",475,"mrmr",475,0.0624871369091409
"4761",476,"mrmr",476,0.0630046019797313
"477",477,"mrmr",477,0.0584167537798446
"4781",478,"mrmr",478,0.0638284669849433
"479",479,"mrmr",479,0.0605329137962917
"4801",480,"mrmr",480,0.0604318545635555
"481",481,"mrmr",481,0.0608935438924308
"4821",482,"mrmr",482,0.058463608620669
"483",483,"mrmr",483,0.0609382467311505
"4841",484,"mrmr",484,0.0587697761042268
"485",485,"mrmr",485,0.0604091593985065
"4861",486,"mrmr",486,0.0609118462277142
"487",487,"mrmr",487,0.0601167207655185
"4881",488,"mrmr",488,0.0571573458680292
"489",489,"mrmr",489,0.0603695559774276
"4901",490,"mrmr",490,0.0619913724167718
"491",491,"mrmr",491,0.0599699591582656
"4921",492,"mrmr",492,0.0594790602734628
"493",493,"mrmr",493,0.0606126773881968
"4941",494,"mrmr",494,0.0595026071030883
"495",495,"mrmr",495,0.0607226895501604
"4961",496,"mrmr",496,0.0616359191257118
"497",497,"mrmr",497,0.0598076529694086
"4981",498,"mrmr",498,0.0623794202679597
"499",499,"mrmr",499,0.0601927925427615
"5001",500,"mrmr",500,0.0617857525839317
